user_id,model_id,rating
46,1,3
34,1,2
4,1,3
19,1,4
45,1,1
34,2,2
20,2,3
33,2,2
12,2,2
19,2,3
49,3,3
37,3,5
22,3,1
16,3,5
42,3,1
43,4,1
14,4,5
23,4,4
25,4,2
6,4,1
15,5,3
13,5,3
33,5,5
32,5,4
6,5,3
45,6,4
40,6,4
39,6,4
35,6,4
11,6,2
15,7,3
41,7,5
47,7,4
21,7,3
42,7,5
9,8,2
18,8,5
19,8,2
19,8,3
37,8,1
33,9,2
13,9,1
12,9,2
25,9,1
27,9,5
37,10,1
9,10,5
10,10,3
39,10,3
24,10,4
28,11,3
46,11,2
19,11,1
48,11,2
43,11,3
49,14,3
17,14,1
19,14,2
50,14,3
43,14,5
47,15,2
36,15,3
47,15,5
14,15,2
6,15,3
12,12,2
1,12,1
43,12,1
50,12,3
17,12,2
16,13,3
18,13,4
8,13,1
17,13,2
19,13,5
46,16,4
46,16,5
30,16,3
14,16,2
25,16,3
5,17,3
28,17,5
13,17,1
11,17,4
48,17,2
15,18,2
48,18,3
38,18,2
43,18,3
36,18,4
49,19,4
17,19,3
43,19,4
15,19,2
11,19,1
44,20,5
42,20,4
34,20,2
19,20,5
7,20,2
47,21,4
22,21,3
22,21,4
19,21,3
14,21,1
33,22,1
32,22,2
23,22,5
8,22,2
4,22,1
17,23,4
35,23,3
2,23,3
10,23,1
42,23,4
26,24,4
19,24,3
40,24,5
23,24,4
10,24,2
27,25,5
34,25,2
29,25,5
44,25,1
27,25,3
37,26,3
49,26,2
10,26,3
12,26,1
50,26,5
26,27,3
48,27,2
32,27,5
43,27,5
48,27,1
18,28,3
50,28,2
32,28,5
39,28,2
4,28,4
41,29,1
39,29,1
32,29,1
17,29,5
43,29,4
37,30,5
46,30,4
5,30,1
33,30,4
23,30,1
10,31,3
24,31,1
10,31,1
41,31,5
45,31,2
50,32,1
23,32,1
18,32,3
9,32,4
10,32,5
10,33,4
30,33,5
29,33,1
45,33,1
18,33,1
15,34,3
25,34,4
14,34,4
5,34,3
38,34,5
42,35,5
16,35,4
32,35,5
14,35,2
7,35,4
32,36,2
38,36,5
29,36,5
18,36,2
4,36,1
23,37,2
49,37,4
17,37,4
45,37,4
21,37,1
7,38,4
40,38,1
32,38,4
6,38,1
5,38,5
27,39,3
20,39,5
44,39,2
10,39,4
44,39,2
18,40,1
48,40,3
10,40,1
47,40,4
19,40,3
43,41,1
37,41,5
31,41,5
6,41,3
2,41,2
32,42,3
36,42,5
3,42,5
16,42,1
36,42,5
29,67,5
7,67,5
16,67,1
5,67,2
10,67,4
47,68,5
29,68,4
13,68,3
36,68,1
30,68,1
8,43,1
26,43,4
43,43,2
12,43,1
14,43,5
44,44,5
38,44,3
22,44,2
10,44,1
34,44,2
44,45,5
15,45,2
41,45,4
11,45,5
8,45,1
22,46,1
19,46,5
45,46,1
31,46,1
20,46,3
9,47,4
28,47,2
49,47,2
45,47,3
19,47,3
9,48,1
47,48,4
45,48,5
46,48,3
29,48,3
41,49,4
19,49,3
28,49,2
44,49,2
12,49,3
22,50,2
25,50,5
3,50,1
48,50,5
46,50,1
16,51,5
25,51,5
40,51,3
48,51,3
12,51,3
37,52,5
29,52,4
21,52,2
37,52,4
29,52,3
8,53,2
14,53,1
2,53,5
16,53,2
12,53,2
14,54,1
21,54,5
31,54,4
27,54,5
44,54,4
28,55,4
1,55,4
15,55,3
18,55,2
48,55,4
8,56,1
8,56,3
17,56,2
5,56,4
3,56,1
10,57,4
2,57,2
41,57,2
10,57,1
32,57,4
47,58,2
38,58,5
16,58,3
40,58,4
29,58,2
36,59,2
1,59,4
5,59,1
3,59,3
50,59,3
18,60,2
45,60,4
6,60,2
3,60,4
9,60,5
35,61,5
34,61,3
7,61,1
15,61,2
25,61,2
29,62,3
22,62,1
39,62,5
20,62,4
26,62,3
11,63,5
29,63,2
36,63,5
46,63,1
30,63,3
26,64,5
43,64,3
41,64,5
42,64,4
23,64,1
4,65,5
45,65,5
12,65,1
7,65,1
43,65,4
13,66,2
48,66,5
15,66,2
1,66,4
29,66,5
48,69,4
12,69,2
32,69,5
43,69,3
23,69,2
9,70,5
1,70,1
29,70,2
34,70,5
32,70,2
12,71,1
42,71,2
12,71,2
41,71,5
23,71,1
39,72,3
29,72,1
5,72,4
11,72,3
17,72,4
6,73,1
21,73,3
6,73,3
50,73,3
41,73,5
45,74,1
39,74,3
20,74,5
33,74,3
8,74,2
33,75,1
13,75,1
11,75,1
7,75,4
27,75,1
24,76,1
2,76,2
18,76,3
9,76,4
47,76,1
39,97,3
48,97,1
24,97,2
29,97,4
2,97,4
14,98,5
47,98,2
21,98,5
15,98,5
46,98,1
15,99,2
9,99,2
28,99,1
26,99,4
14,99,1
19,77,5
10,77,5
18,77,4
17,77,5
39,77,2
30,78,3
21,78,3
44,78,3
27,78,4
7,78,1
45,79,3
31,79,1
30,79,2
41,79,2
30,79,2
4,80,1
48,80,3
28,80,4
41,80,1
17,80,1
13,81,5
38,81,5
46,81,5
8,81,5
45,81,1
49,82,3
1,82,3
20,82,2
44,82,4
26,82,1
10,83,1
42,83,1
47,83,1
41,83,2
3,83,2
41,84,5
47,84,4
4,84,4
4,84,1
39,84,2
6,85,4
33,85,5
16,85,4
49,85,4
6,85,4
38,86,4
37,86,5
39,86,3
45,86,3
15,86,4
20,87,2
45,87,4
34,87,2
33,87,1
48,87,4
20,88,1
23,88,5
30,88,1
25,88,2
5,88,2
26,89,5
10,89,2
41,89,2
2,89,3
49,89,1
2,90,2
25,90,5
44,90,5
28,90,5
47,90,3
10,91,5
19,91,3
29,91,3
34,91,3
20,91,1
13,92,2
22,92,4
19,92,2
19,92,4
19,92,4
37,93,2
11,93,5
9,93,3
18,93,5
16,93,3
11,94,3
47,94,2
18,94,4
40,94,1
47,94,5
27,95,1
41,95,1
45,95,2
35,95,1
5,95,2
22,96,4
44,96,3
40,96,5
14,96,1
27,96,1
21,100,2
50,100,5
46,100,4
18,100,4
36,100,2
28,101,4
43,101,1
1,101,3
25,101,3
9,101,1
12,102,3
39,102,3
38,102,1
18,102,4
26,102,4
13,103,5
4,103,1
18,103,3
48,103,3
43,103,5
11,104,4
24,104,5
1,104,5
45,104,1
19,104,5
5,105,5
44,105,1
49,105,2
5,105,1
39,105,4
47,106,1
20,106,1
17,106,2
41,106,5
45,106,4
24,107,4
16,107,1
23,107,4
26,107,2
11,107,3
38,108,3
33,108,3
4,108,3
9,108,1
21,108,3
17,111,5
6,111,1
48,111,1
5,111,3
7,111,1
9,109,2
15,109,3
43,109,3
18,109,4
43,109,4
17,110,5
48,110,5
6,110,5
38,110,5
40,110,1
43,112,3
45,112,2
22,112,3
32,112,4
15,112,4
41,113,3
11,113,4
32,113,2
44,113,1
11,113,2
31,114,1
17,114,2
32,114,4
2,114,2
42,114,4
29,115,1
44,115,2
11,115,4
11,115,2
28,115,3
39,116,1
47,116,2
8,116,5
18,116,1
36,116,3
44,117,2
34,117,3
22,117,4
41,117,5
18,117,5
44,118,1
40,118,4
19,118,3
48,118,3
23,118,4
25,119,4
36,119,1
50,119,3
46,119,2
42,119,2
21,120,1
5,120,5
47,120,1
37,120,4
47,120,3
10,121,5
8,121,5
21,121,4
30,121,4
22,121,5
22,122,5
21,122,1
4,122,5
12,122,3
12,122,5
33,123,2
2,123,5
22,123,4
2,123,4
48,123,1
38,124,4
38,124,1
18,124,1
44,124,5
4,124,5
5,125,5
39,125,5
20,125,2
9,125,3
8,125,5
44,126,4
42,126,2
15,126,5
14,126,2
25,126,3
19,127,1
21,127,5
20,127,1
18,127,5
33,127,4
1,128,5
22,128,5
29,128,4
21,128,1
42,128,2
34,129,2
10,129,1
13,129,1
50,129,2
1,129,4
42,130,5
47,130,3
4,130,5
28,130,4
37,130,2
28,131,2
9,131,3
24,131,5
28,131,5
16,131,3
37,132,2
10,132,4
4,132,4
37,132,1
48,132,5
45,133,3
19,133,5
47,133,2
22,133,5
31,133,4
27,134,2
20,134,4
23,134,1
3,134,4
10,134,4
4,135,1
31,135,1
8,135,5
34,135,5
22,135,4
40,137,1
13,137,1
50,137,1
21,137,3
33,137,5
43,136,4
45,136,1
12,136,5
38,136,3
24,136,4
14,142,2
22,142,5
38,142,4
24,142,2
9,142,3
1,138,2
43,138,2
49,138,2
2,138,5
27,138,1
16,143,2
39,143,5
39,143,4
19,143,2
41,143,1
50,144,1
48,144,1
28,144,4
1,144,3
43,144,4
18,145,1
8,145,5
6,145,5
48,145,1
42,145,3
12,146,2
5,146,2
13,146,1
47,146,2
17,146,5
11,147,4
7,147,4
9,147,4
33,147,1
20,147,3
33,148,4
12,148,2
7,148,4
37,148,2
38,148,5
49,149,2
34,149,4
34,149,3
36,149,4
3,149,2
25,150,1
45,150,1
23,150,2
10,150,5
26,150,1
21,151,5
34,151,1
29,151,3
16,151,4
6,151,5
19,152,2
27,152,5
15,152,5
48,152,3
44,152,5
30,153,5
29,153,3
44,153,5
28,153,2
38,153,3
27,154,1
19,154,1
5,154,2
47,154,5
14,154,4
17,155,4
6,155,5
7,155,4
42,155,1
43,155,3
49,156,4
16,156,5
3,156,3
3,156,1
3,156,3
9,157,1
42,157,1
1,157,5
28,157,1
40,157,5
40,158,2
44,158,1
12,158,4
41,158,4
13,158,5
11,139,2
49,139,3
21,139,2
27,139,4
40,139,1
26,140,1
45,140,4
18,140,3
24,140,4
41,140,2
32,141,3
26,141,2
24,141,4
22,141,3
31,141,4
7,159,3
26,159,1
50,159,3
50,159,2
49,159,1
9,160,5
16,160,2
23,160,3
26,160,5
34,160,5
21,161,5
20,161,4
5,161,5
39,161,1
24,161,3
34,176,4
49,176,3
36,176,1
31,176,4
4,176,3
11,162,2
50,162,4
28,162,4
17,162,2
12,162,3
44,164,1
25,164,4
5,164,4
22,164,5
19,164,1
21,165,3
6,165,2
14,165,4
9,165,5
45,165,2
6,163,4
26,163,5
50,163,5
26,163,1
10,163,3
7,166,2
41,166,1
16,166,3
36,166,5
29,166,2
18,167,5
13,167,4
33,167,5
17,167,1
3,167,5
12,168,1
31,168,4
4,168,1
6,168,4
21,168,4
5,169,3
14,169,1
10,169,5
2,169,3
45,169,2
44,170,1
19,170,2
6,170,4
39,170,5
44,170,3
30,172,4
47,172,5
17,172,1
47,172,3
29,172,5
23,171,4
37,171,5
19,171,1
24,171,4
36,171,2
50,173,1
18,173,4
14,173,1
41,173,2
44,173,5
13,174,2
29,174,3
12,174,1
20,174,4
31,174,5
30,175,2
25,175,4
38,175,5
17,175,4
35,175,2
39,177,5
1,177,5
43,177,3
29,177,2
13,177,4
40,178,1
42,178,3
49,178,1
23,178,3
6,178,1
46,179,4
31,179,5
10,179,1
12,179,2
46,179,5
28,180,3
38,180,5
20,180,3
48,180,5
32,180,4
9,181,5
25,181,1
33,181,5
44,181,2
26,181,2
16,182,5
18,182,5
35,182,1
39,182,1
32,182,1
31,183,5
37,183,2
24,183,1
18,183,3
31,183,3
9,184,1
43,184,5
37,184,2
24,184,2
50,184,5
12,185,4
20,185,2
47,185,3
24,185,2
25,185,5
29,186,1
2,186,5
48,186,2
7,186,4
16,186,3
5,187,4
24,187,1
4,187,2
2,187,2
34,187,1
12,188,2
20,188,4
11,188,1
2,188,4
48,188,5
35,189,4
19,189,2
3,189,4
47,189,3
37,189,5
14,190,5
41,190,3
2,190,3
3,190,5
32,190,4
49,191,4
47,191,5
24,191,1
48,191,1
4,191,2
29,192,4
39,192,2
48,192,2
27,192,1
48,192,2
32,193,1
50,193,1
48,193,5
2,193,5
31,193,4
46,194,3
9,194,2
11,194,4
43,194,5
22,194,5
31,195,1
40,195,4
31,195,4
37,195,3
30,195,4
9,196,1
47,196,1
28,196,5
24,196,2
14,196,4
45,197,2
22,197,5
28,197,3
1,197,1
36,197,3
45,198,3
30,198,4
10,198,5
36,198,4
27,198,1
10,199,4
27,199,4
44,199,1
41,199,3
47,199,1
5,200,2
23,200,2
6,200,2
25,200,5
46,200,5
41,201,3
17,201,3
39,201,3
33,201,2
2,201,3
34,202,2
10,202,5
4,202,2
24,202,1
44,202,2
26,203,2
16,203,1
8,203,4
29,203,3
19,203,2
32,204,5
49,204,4
8,204,5
39,204,3
39,204,1
28,205,2
15,205,4
16,205,1
44,205,5
32,205,2
17,206,2
21,206,5
28,206,4
48,206,4
46,206,4
12,207,5
9,207,2
35,207,2
36,207,2
46,207,1
4,208,4
11,208,2
34,208,5
34,208,3
31,208,2
46,209,1
48,209,2
42,209,4
7,209,1
19,209,4
34,210,1
21,210,1
18,210,2
20,210,2
45,210,4
42,211,1
9,211,4
50,211,5
41,211,5
47,211,2
36,212,2
38,212,4
16,212,3
49,212,1
27,212,5
29,213,5
24,213,2
24,213,2
30,213,1
43,213,5
31,214,3
11,214,3
36,214,3
1,214,5
6,214,3
8,215,4
2,215,4
46,215,2
30,215,3
30,215,2
28,216,3
40,216,1
38,216,4
11,216,1
8,216,5
20,217,5
43,217,4
20,217,2
15,217,5
2,217,4
26,218,2
10,218,3
30,218,5
31,218,1
44,218,1
44,219,4
29,219,4
15,219,2
20,219,3
22,219,1
7,220,1
48,220,3
25,220,4
5,220,5
48,220,1
45,221,1
47,221,1
31,221,3
5,221,3
26,221,5
6,222,1
21,222,1
8,222,3
6,222,2
49,222,5
44,223,2
43,223,1
19,223,3
9,223,2
30,223,4
43,224,5
14,224,4
41,224,5
46,224,3
26,224,3
13,225,3
23,225,2
11,225,4
35,225,1
37,225,2
48,226,1
4,226,1
25,226,4
42,226,5
46,226,2
13,227,1
33,227,3
8,227,5
15,227,1
33,227,2
29,228,5
22,228,2
44,228,3
41,228,2
17,228,2
46,229,3
37,229,5
49,229,3
13,229,2
30,229,4
44,230,3
48,230,3
38,230,3
43,230,1
4,230,2
44,231,5
42,231,5
3,231,5
44,231,3
33,231,3
42,232,4
1,232,2
8,232,1
45,232,4
45,232,3
4,233,5
47,233,1
10,233,3
27,233,3
13,233,5
14,234,1
11,234,3
16,234,2
47,234,4
40,234,3
41,235,5
13,235,1
48,235,2
3,235,2
15,235,4
23,236,4
33,236,2
32,236,4
11,236,5
37,236,5
12,237,5
25,237,2
36,237,1
42,237,5
10,237,1
48,238,4
10,238,1
21,238,4
21,238,3
24,238,2
42,239,4
20,239,2
46,239,5
22,239,1
7,239,1
26,240,1
4,240,1
19,240,4
21,240,2
21,240,1
40,241,5
18,241,5
19,241,2
6,241,4
7,241,2
25,242,4
43,242,5
23,242,1
43,242,3
48,242,5
32,243,4
33,243,4
5,243,1
13,243,4
29,243,1
26,244,3
2,244,5
41,244,2
28,244,4
36,244,3
4,245,4
45,245,2
39,245,3
35,245,2
29,245,3
18,246,2
11,246,4
33,246,3
25,246,1
37,246,3
36,247,4
50,247,4
46,247,5
3,247,3
11,247,2
10,248,1
36,248,5
2,248,2
1,248,4
28,248,5
26,249,1
27,249,3
23,249,3
27,249,1
25,249,1
15,250,3
2,250,3
45,250,1
29,250,4
30,250,1
12,251,4
35,251,5
27,251,3
41,251,2
24,251,1
24,252,5
17,252,1
18,252,5
47,252,2
15,252,5
39,253,3
10,253,2
50,253,5
8,253,5
21,253,1
46,254,4
37,254,5
16,254,5
43,254,1
14,254,2
45,255,3
20,255,4
21,255,2
19,255,4
45,255,4
32,256,4
41,256,3
43,256,1
43,256,3
28,256,2
7,257,3
30,257,3
13,257,4
5,257,1
42,257,2
9,258,4
39,258,5
38,258,1
10,258,1
39,258,5
28,259,5
48,259,2
7,259,5
2,259,4
5,259,4
41,260,3
11,260,2
48,260,1
42,260,2
4,260,1
33,261,3
46,261,3
30,261,5
30,261,1
31,261,5
47,262,5
21,262,2
23,262,2
46,262,2
22,262,2
47,263,5
11,263,5
1,263,2
36,263,5
3,263,5
4,265,5
44,265,3
9,265,5
44,265,3
25,265,2
3,264,5
28,264,3
15,264,4
26,264,3
3,264,1
8,266,4
9,266,5
17,266,4
21,266,2
2,266,1
15,267,3
26,267,1
37,267,3
40,267,3
1,267,5
11,268,5
26,268,4
29,268,3
19,268,2
27,268,3
39,269,1
41,269,4
40,269,1
33,269,4
21,269,3
11,270,2
9,270,4
21,270,3
26,270,1
36,270,5
1,271,2
27,271,2
23,271,1
34,271,1
8,271,5
7,272,3
40,272,5
12,272,2
21,272,5
30,272,1
13,273,1
45,273,4
21,273,2
39,273,5
28,273,3
3,274,2
26,274,1
3,274,5
17,274,4
41,274,5
35,275,1
31,275,2
11,275,4
27,275,2
18,275,4
47,276,3
27,276,4
2,276,1
4,276,2
31,276,5
48,277,5
9,277,1
6,277,3
22,277,2
34,277,1
12,278,1
22,278,2
50,278,5
47,278,4
34,278,4
42,279,1
34,279,4
23,279,5
3,279,2
33,279,3
18,280,4
2,280,2
26,280,4
39,280,4
14,280,5
44,281,1
40,281,2
50,281,1
23,281,3
14,281,5
14,282,5
46,282,3
8,282,4
3,282,3
47,282,1
12,283,2
12,283,5
2,283,3
38,283,5
20,283,3
13,284,3
1,284,2
7,284,1
15,284,1
29,284,2
46,285,5
27,285,2
22,285,1
24,285,1
44,285,3
27,286,5
1,286,3
20,286,4
31,286,4
40,286,5
5,287,5
11,287,1
23,287,1
31,287,2
26,287,3
9,288,2
29,288,4
11,288,5
11,288,3
16,288,4
33,289,4
47,289,5
9,289,1
16,289,1
1,289,3
7,290,4
27,290,5
35,290,4
16,290,4
9,290,3
38,292,2
11,292,3
29,292,5
29,292,2
37,292,5
6,291,3
49,291,2
48,291,4
7,291,4
11,291,5
27,293,2
38,293,4
32,293,1
6,293,1
16,293,5
49,294,4
16,294,3
26,294,1
44,294,5
5,294,4
33,295,5
7,295,2
32,295,2
30,295,4
47,295,5
3,296,3
9,296,1
42,296,5
37,296,4
49,296,5
4,297,5
3,297,3
41,297,1
13,297,3
4,297,4
23,298,2
18,298,4
49,298,5
33,298,5
30,298,5
6,299,3
2,299,3
48,299,3
16,299,2
10,299,5
44,300,4
7,300,2
50,300,4
27,300,2
12,300,2
36,301,1
48,301,3
2,301,4
25,301,4
19,301,4
49,302,1
12,302,2
11,302,4
16,302,1
19,302,1
24,303,2
17,303,5
3,303,2
47,303,1
29,303,4
16,307,2
40,307,1
16,307,1
27,307,4
6,307,3
9,304,3
37,304,1
28,304,2
8,304,5
34,304,5
35,306,4
27,306,2
39,306,4
16,306,3
37,306,3
46,305,4
48,305,1
19,305,5
47,305,2
6,305,4
3,308,2
17,308,5
13,308,2
23,308,5
14,308,2
44,310,4
21,310,5
38,310,3
11,310,2
27,310,3
33,309,2
1,309,4
41,309,2
26,309,4
24,309,5
43,311,5
33,311,1
42,311,1
34,311,4
11,311,1
47,312,3
15,312,2
13,312,3
33,312,5
21,312,5
23,313,4
2,313,3
13,313,1
28,313,4
1,313,1
1,314,1
27,314,2
1,314,2
38,314,3
24,314,4
25,315,5
12,315,4
36,315,5
42,315,4
29,315,3
27,316,4
21,316,3
17,316,2
36,316,2
22,316,4
32,317,5
4,317,2
15,317,2
36,317,4
6,317,4
28,318,4
37,318,5
17,318,1
25,318,2
22,318,4
4,319,4
47,319,3
50,319,5
16,319,1
42,319,3
36,320,3
34,320,4
9,320,1
37,320,1
33,320,5
3,321,5
10,321,2
39,321,5
41,321,3
4,321,1
37,322,2
49,322,2
23,322,1
27,322,2
7,322,1
30,323,1
46,323,1
35,323,5
4,323,3
12,323,3
46,324,5
35,324,5
41,324,3
23,324,4
30,324,1
49,325,4
25,325,2
23,325,2
1,325,2
9,325,3
26,326,1
3,326,5
10,326,3
4,326,2
20,326,5
12,327,2
30,327,4
45,327,4
30,327,3
4,327,2
33,328,2
27,328,5
18,328,2
11,328,5
29,328,4
7,329,1
39,329,5
30,329,5
50,329,3
40,329,2
25,330,2
8,330,2
20,330,5
5,330,2
49,330,4
11,342,5
36,342,3
30,342,1
23,342,2
36,342,5
28,343,4
22,343,1
41,343,2
40,343,3
43,343,1
46,344,5
11,344,5
45,344,5
18,344,1
20,344,2
19,345,1
29,345,5
18,345,1
11,345,1
15,345,1
40,346,3
26,346,3
12,346,5
3,346,3
26,346,5
14,331,1
13,331,2
22,331,3
43,331,4
32,331,3
42,347,5
1,347,4
1,347,5
28,347,3
22,347,3
17,348,4
28,348,3
4,348,4
17,348,2
13,348,1
46,349,2
14,349,3
22,349,5
36,349,1
29,349,1
25,332,3
46,332,4
48,332,3
31,332,3
4,332,3
43,333,3
13,333,3
45,333,5
42,333,2
19,333,4
12,334,3
37,334,3
32,334,2
28,334,1
44,334,4
5,335,3
42,335,2
44,335,5
11,335,4
45,335,1
35,336,2
24,336,3
44,336,1
44,336,1
43,336,5
37,338,1
40,338,5
4,338,4
5,338,5
12,338,2
37,339,3
5,339,2
44,339,1
18,339,1
46,339,2
30,337,3
11,337,5
50,337,3
26,337,2
30,337,4
39,340,1
34,340,3
9,340,2
29,340,2
2,340,1
16,341,1
24,341,3
12,341,1
22,341,5
50,341,1
24,350,5
8,350,2
39,350,2
26,350,1
31,350,4
2,351,2
2,351,2
10,351,4
39,351,5
33,351,4
20,352,2
4,352,5
10,352,5
16,352,4
32,352,5
38,353,1
10,353,4
1,353,3
50,353,4
38,353,4
42,354,1
49,354,2
48,354,3
4,354,3
5,354,2
2,355,2
14,355,2
47,355,3
34,355,3
36,355,3
7,356,4
27,356,3
16,356,2
40,356,5
38,356,1
20,357,2
25,357,5
16,357,2
37,357,2
25,357,4
2,358,5
17,358,4
13,358,3
21,358,4
33,358,2
16,359,5
11,359,1
21,359,5
29,359,5
16,359,2
32,360,3
38,360,2
27,360,2
49,360,1
6,360,5
4,361,2
49,361,1
25,361,5
43,361,1
42,361,3
42,362,4
34,362,4
7,362,2
36,362,2
24,362,1
7,363,3
15,363,1
2,363,2
33,363,5
49,363,2
48,364,2
37,364,3
46,364,2
38,364,3
43,364,1
4,365,5
12,365,3
32,365,4
8,365,3
37,365,4
25,366,3
12,366,2
27,366,2
45,366,3
15,366,5
6,367,5
30,367,2
13,367,1
44,367,4
30,367,4
19,375,2
8,375,4
14,375,2
35,375,3
1,375,3
46,369,2
10,369,2
45,369,5
11,369,5
25,369,1
12,370,3
17,370,3
38,370,4
9,370,1
46,370,5
40,368,1
11,368,1
4,368,5
22,368,2
4,368,5
22,372,2
5,372,2
38,372,3
43,372,4
26,372,1
24,373,1
47,373,5
23,373,1
10,373,3
2,373,2
8,374,3
31,374,1
41,374,5
5,374,5
33,374,3
37,371,3
44,371,4
36,371,1
46,371,1
38,371,2
27,376,5
20,376,5
10,376,1
13,376,2
17,376,4
15,377,3
9,377,2
3,377,5
20,377,3
41,377,3
6,378,5
44,378,3
5,378,1
44,378,5
38,378,3
5,379,4
32,379,3
30,379,4
13,379,2
10,379,1
36,380,2
38,380,3
26,380,3
48,380,3
21,380,3
35,381,3
12,381,5
37,381,2
15,381,5
6,381,3
43,382,2
25,382,1
29,382,3
31,382,5
3,382,4
5,383,4
43,383,1
45,383,4
27,383,1
41,383,3
48,384,1
22,384,3
23,384,3
37,384,4
21,384,2
31,385,2
49,385,4
7,385,1
5,385,1
46,385,4
49,411,2
42,411,3
19,411,2
27,411,4
7,411,1
4,412,3
33,412,2
34,412,5
26,412,3
12,412,3
21,413,4
1,413,4
3,413,3
42,413,1
6,413,2
5,386,1
38,386,5
43,386,1
37,386,4
16,386,3
27,387,2
13,387,3
29,387,3
10,387,2
4,387,4
1,414,1
40,414,1
28,414,2
29,414,3
13,414,1
47,415,2
29,415,5
38,415,3
15,415,5
18,415,2
37,416,5
20,416,4
8,416,5
29,416,4
49,416,5
20,388,3
41,388,2
10,388,4
47,388,3
43,388,4
34,389,5
24,389,3
47,389,2
50,389,1
46,389,3
16,390,2
4,390,2
29,390,2
42,390,4
13,390,3
21,391,5
36,391,2
31,391,4
16,391,2
12,391,3
36,392,4
11,392,2
27,392,3
28,392,4
41,392,4
26,393,3
2,393,3
35,393,1
42,393,2
47,393,4
38,394,5
27,394,3
13,394,4
17,394,1
28,394,5
47,395,2
11,395,3
17,395,1
22,395,3
29,395,1
15,396,3
8,396,2
44,396,4
25,396,2
20,396,1
29,397,2
23,397,1
9,397,5
9,397,3
12,397,2
7,398,5
13,398,4
25,398,1
18,398,3
44,398,5
46,417,3
23,417,4
2,417,1
48,417,5
49,417,4
46,399,2
45,399,5
30,399,1
27,399,5
33,399,1
45,400,2
44,400,5
21,400,3
31,400,2
43,400,5
28,401,4
40,401,2
34,401,3
10,401,1
20,401,3
14,402,5
26,402,1
20,402,2
35,402,3
29,402,1
39,403,1
36,403,4
49,403,1
15,403,4
8,403,4
14,404,1
40,404,4
28,404,5
17,404,1
18,404,1
50,405,5
20,405,3
11,405,4
30,405,4
9,405,2
35,406,3
17,406,3
32,406,1
5,406,4
24,406,5
39,407,2
5,407,2
13,407,4
14,407,3
21,407,2
34,408,1
42,408,5
37,408,3
23,408,1
24,408,4
26,409,2
1,409,4
35,409,5
44,409,1
1,409,5
21,410,4
34,410,4
21,410,1
45,410,5
49,410,4
21,418,5
33,418,5
17,418,4
20,418,1
17,418,4
32,419,5
13,419,2
33,419,2
32,419,1
5,419,2
43,420,3
21,420,1
23,420,2
9,420,1
31,420,1
14,421,2
17,421,4
47,421,2
8,421,3
9,421,3
11,422,3
38,422,5
32,422,4
8,422,3
13,422,2
42,423,1
14,423,3
34,423,1
14,423,4
34,423,2
44,424,1
25,424,4
3,424,3
30,424,4
16,424,5
30,425,5
27,425,3
44,425,3
38,425,3
18,425,2
17,426,3
42,426,4
4,426,5
5,426,5
19,426,4
13,427,4
22,427,5
38,427,3
27,427,3
3,427,4
50,428,1
33,428,2
38,428,5
31,428,3
14,428,2
9,429,2
22,429,4
3,429,1
49,429,1
11,429,3
10,430,3
37,430,5
32,430,2
26,430,4
22,430,3
4,431,2
39,431,1
9,431,2
33,431,2
8,431,5
31,432,1
34,432,3
48,432,4
31,432,1
46,432,2
4,433,5
11,433,5
9,433,4
42,433,5
17,433,1
30,434,1
22,434,3
9,434,2
6,434,3
20,434,1
3,435,3
43,435,5
50,435,3
44,435,3
43,435,2
5,436,2
30,436,1
35,436,1
22,436,1
24,436,5
13,437,4
15,437,3
49,437,1
13,437,5
22,437,2
37,438,2
37,438,5
11,438,3
29,438,5
37,438,3
35,439,2
48,439,3
18,439,1
23,439,2
36,439,4
48,440,3
43,440,2
33,440,3
13,440,4
8,440,1
28,441,3
3,441,3
3,441,5
26,441,4
30,441,1
27,442,5
28,442,5
25,442,3
43,442,4
4,442,1
1,443,4
23,443,1
12,443,5
45,443,5
40,443,2
49,444,5
35,444,3
10,444,3
49,444,4
19,444,2
39,445,5
37,445,3
6,445,4
14,445,2
47,445,5
25,446,4
13,446,5
43,446,1
23,446,5
4,446,3
36,447,4
49,447,3
39,447,3
37,447,1
25,447,5
33,448,1
41,448,1
27,448,1
44,448,2
14,448,1
9,449,4
47,449,5
38,449,5
34,449,4
23,449,3
11,450,4
35,450,2
40,450,5
42,450,4
16,450,3
37,451,5
10,451,1
27,451,5
26,451,3
13,451,2
6,452,3
43,452,4
37,452,2
49,452,4
4,452,5
10,453,4
19,453,1
20,453,1
13,453,4
31,453,3
12,454,4
32,454,2
2,454,2
4,454,4
39,454,5
19,455,5
10,455,1
29,455,4
30,455,5
12,455,1
37,456,5
41,456,5
7,456,1
23,456,1
3,456,2
1,457,3
43,457,5
13,457,3
37,457,4
39,457,2
14,458,1
32,458,3
30,458,3
46,458,5
28,458,4
19,459,1
35,459,5
32,459,5
41,459,1
35,459,3
19,460,1
4,460,4
49,460,5
40,460,4
9,460,2
31,461,2
4,461,4
14,461,5
42,461,3
11,461,1
41,462,5
26,462,3
47,462,1
29,462,1
31,462,1
15,463,5
45,463,4
45,463,5
16,463,4
31,463,2
4,464,2
46,464,4
26,464,1
1,464,2
9,464,2
30,465,2
9,465,4
1,465,2
2,465,5
1,465,5
22,466,4
8,466,3
27,466,1
35,466,5
18,466,3
27,467,5
17,467,2
25,467,5
14,467,1
10,467,2
46,468,1
41,468,5
12,468,5
14,468,3
27,468,5
17,469,1
30,469,5
15,469,4
37,469,2
21,469,2
36,470,5
44,470,3
3,470,1
25,470,5
39,470,5
44,471,5
38,471,5
28,471,2
40,471,1
36,471,4
27,472,2
3,472,3
36,472,4
6,472,1
31,472,5
24,473,1
15,473,3
43,473,2
11,473,4
8,473,2
25,474,1
35,474,1
17,474,3
36,474,1
49,474,1
42,475,1
22,475,4
44,475,2
24,475,2
35,475,1
15,476,2
27,476,2
5,476,1
10,476,1
18,476,4
14,477,5
42,477,3
34,477,4
46,477,2
19,477,5
11,478,4
43,478,1
43,478,4
19,478,5
36,478,2
41,479,5
35,479,4
10,479,1
3,479,4
19,479,3
3,480,3
40,480,3
19,480,4
24,480,2
38,480,5
35,481,4
45,481,3
41,481,4
30,481,5
16,481,5
1,482,3
20,482,2
50,482,4
27,482,5
15,482,4
45,483,1
22,483,1
27,483,4
3,483,2
38,483,5
21,486,1
37,486,5
5,486,2
14,486,2
24,486,3
47,487,5
32,487,5
22,487,5
34,487,3
40,487,2
15,488,4
46,488,4
26,488,3
30,488,3
31,488,4
34,489,5
20,489,2
10,489,2
25,489,2
6,489,3
48,484,5
5,484,2
40,484,2
4,484,1
12,484,3
5,485,3
21,485,2
35,485,5
12,485,5
29,485,4
28,490,1
50,490,1
25,490,1
13,490,5
17,490,5
1,491,5
47,491,1
40,491,3
40,491,3
11,491,2
27,492,2
16,492,1
7,492,3
7,492,5
47,492,4
33,493,3
38,493,4
1,493,3
3,493,1
5,493,3
35,494,1
10,494,3
21,494,2
8,494,3
29,494,2
49,495,2
3,495,4
47,495,4
34,495,4
29,495,4
49,496,5
39,496,1
7,496,4
24,496,3
17,496,2
40,497,1
43,497,5
25,497,1
15,497,2
39,497,3
33,498,3
26,498,4
11,498,5
31,498,2
46,498,3
7,499,1
49,499,5
29,499,5
33,499,1
14,499,2
46,500,2
17,500,2
4,500,5
16,500,4
12,500,5
28,501,2
49,501,2
15,501,4
37,501,4
31,501,5
44,502,1
13,502,1
13,502,1
23,502,3
21,502,2
16,503,4
43,503,5
17,503,5
9,503,1
22,503,2
19,504,2
49,504,3
19,504,1
3,504,4
9,504,3
10,505,1
47,505,2
10,505,4
18,505,5
39,505,4
39,506,2
31,506,5
29,506,2
24,506,4
26,506,2
1,509,5
7,509,3
32,509,3
5,509,2
48,509,1
39,507,4
35,507,2
37,507,2
38,507,4
46,507,2
36,510,4
46,510,5
39,510,2
27,510,2
47,510,3
5,511,4
4,511,2
28,511,1
6,511,2
43,511,2
26,512,3
31,512,2
42,512,1
8,512,5
10,512,3
41,513,3
11,513,4
30,513,2
36,513,5
20,513,2
19,514,2
29,514,4
36,514,1
42,514,4
18,514,1
4,515,3
37,515,2
6,515,1
34,515,3
44,515,2
7,516,1
7,516,1
50,516,2
45,516,2
45,516,5
7,517,3
8,517,4
43,517,2
7,517,4
27,517,4
7,518,1
36,518,3
40,518,1
1,518,5
16,518,4
39,519,5
40,519,4
15,519,5
24,519,2
5,519,4
12,520,3
48,520,1
36,520,5
39,520,1
25,520,5
33,521,1
22,521,5
8,521,4
12,521,5
34,521,4
35,522,5
14,522,5
24,522,4
16,522,3
29,522,1
36,523,2
46,523,3
28,523,1
35,523,5
48,523,3
46,524,1
44,524,3
34,524,1
37,524,2
43,524,2
30,525,1
4,525,3
39,525,1
14,525,3
8,525,3
8,526,4
4,526,4
39,526,4
4,526,1
23,526,3
34,527,4
6,527,2
2,527,3
12,527,5
39,527,1
45,528,1
37,528,4
33,528,1
13,528,5
19,528,1
31,529,4
3,529,1
25,529,3
15,529,5
36,529,5
32,530,3
23,530,5
10,530,3
29,530,3
44,530,4
4,531,5
10,531,2
28,531,3
28,531,4
44,531,3
46,532,2
12,532,5
49,532,4
36,532,5
4,532,4
10,533,1
43,533,5
47,533,1
6,533,3
38,533,1
15,534,4
21,534,2
13,534,4
3,534,5
21,534,1
1,535,5
27,535,2
1,535,4
36,535,5
42,535,2
41,508,4
28,508,2
4,508,5
15,508,1
17,508,2
7,536,2
44,536,3
19,536,2
2,536,4
49,536,3
44,537,5
44,537,4
46,537,3
29,537,5
19,537,4
28,538,5
31,538,5
15,538,1
17,538,2
37,538,5
48,539,2
9,539,4
41,539,5
50,539,5
22,539,2
25,540,5
49,540,4
31,540,5
9,540,2
23,540,3
34,541,3
47,541,5
32,541,3
5,541,5
5,541,5
32,542,3
13,542,3
39,542,3
15,542,5
7,542,3
17,543,1
13,543,1
1,543,1
23,543,4
10,543,4
29,544,1
11,544,1
47,544,1
35,544,4
23,544,2
19,545,1
17,545,3
41,545,3
42,545,1
49,545,1
31,546,4
37,546,2
21,546,2
28,546,2
40,546,5
27,547,4
26,547,1
41,547,2
12,547,3
13,547,3
26,548,2
21,548,2
28,548,2
40,548,1
6,548,1
21,549,4
47,549,5
11,549,5
36,549,2
41,549,2
4,550,3
19,550,1
23,550,4
11,550,1
27,550,5
41,551,5
18,551,1
11,551,5
22,551,4
25,551,2
28,552,1
36,552,4
21,552,2
37,552,2
7,552,1
31,553,2
30,553,4
10,553,3
1,553,3
1,553,4
14,554,2
27,554,1
10,554,5
50,554,4
30,554,1
44,555,5
30,555,5
47,555,2
37,555,4
49,555,5
4,556,1
7,556,5
10,556,2
45,556,3
10,556,5
36,557,4
41,557,4
19,557,4
31,557,1
27,557,1
35,558,3
40,558,3
10,558,3
3,558,4
49,558,4
14,559,3
7,559,3
11,559,3
17,559,3
39,559,5
10,560,2
10,560,3
47,560,2
10,560,4
47,560,2
34,561,5
34,561,4
13,561,1
11,561,5
19,561,2
22,562,1
34,562,1
39,562,5
34,562,3
13,562,5
18,563,2
43,563,3
15,563,4
15,563,2
29,563,3
2,564,3
47,564,4
17,564,3
49,564,3
28,564,1
18,565,1
33,565,3
43,565,4
41,565,1
13,565,3
4,566,4
1,566,5
34,566,1
2,566,5
1,566,5
50,567,5
19,567,3
22,567,2
7,567,3
8,567,2
24,568,5
18,568,2
24,568,2
27,568,3
35,568,5
17,569,2
29,569,4
17,569,4
44,569,1
15,569,3
43,571,4
47,571,4
7,571,2
18,571,4
9,571,1
44,570,4
14,570,5
28,570,4
20,570,2
2,570,4
8,572,4
19,572,4
10,572,2
15,572,2
45,572,3
35,573,4
28,573,2
45,573,2
30,573,3
32,573,2
38,574,2
12,574,3
45,574,1
34,574,1
27,574,5
24,575,3
20,575,3
46,575,3
24,575,1
42,575,3
36,576,2
12,576,3
39,576,3
21,576,5
13,576,2
11,577,1
17,577,3
40,577,2
3,577,3
39,577,4
24,578,1
11,578,4
26,578,3
4,578,5
33,578,2
34,579,1
10,579,4
36,579,3
46,579,1
39,579,4
13,580,1
1,580,5
50,580,3
4,580,4
11,580,5
4,581,3
20,581,3
26,581,1
38,581,3
13,581,2
48,582,2
11,582,4
39,582,4
8,582,5
30,582,1
35,583,5
23,583,5
12,583,3
3,583,4
47,583,3
28,586,2
43,586,2
43,586,2
3,586,2
5,586,1
20,587,1
45,587,2
48,587,3
8,587,5
36,587,2
15,584,4
2,584,1
20,584,5
32,584,5
42,584,2
4,585,5
8,585,5
4,585,5
47,585,2
15,585,1
32,625,1
33,625,1
13,625,5
44,625,1
4,625,4
9,626,3
13,626,3
23,626,2
19,626,5
38,626,2
3,588,5
3,588,2
16,588,4
50,588,5
3,588,3
27,589,2
48,589,2
29,589,1
50,589,4
31,589,5
6,590,1
17,590,3
28,590,1
20,590,5
25,590,5
23,591,2
44,591,4
26,591,5
25,591,1
11,591,5
36,592,5
2,592,2
20,592,4
25,592,5
39,592,3
19,593,3
4,593,2
20,593,5
47,593,5
42,593,2
27,594,1
50,594,3
13,594,1
15,594,3
18,594,1
47,595,1
34,595,2
19,595,2
16,595,5
36,595,1
32,596,4
29,596,4
25,596,4
2,596,1
43,596,2
28,605,2
15,605,1
24,605,5
44,605,3
45,605,2
27,597,1
38,597,3
43,597,3
14,597,3
30,597,3
48,598,2
29,598,3
16,598,3
21,598,5
7,598,4
17,599,2
9,599,2
2,599,2
18,599,2
19,599,1
20,600,1
46,600,1
7,600,2
37,600,3
24,600,5
17,601,5
34,601,4
49,601,1
44,601,2
22,601,4
13,602,2
39,602,2
14,602,4
12,602,5
19,602,1
2,603,1
6,603,3
27,603,1
30,603,1
5,603,4
37,604,1
33,604,3
48,604,1
32,604,5
33,604,1
2,607,2
23,607,1
42,607,1
40,607,1
19,607,5
32,608,2
12,608,5
30,608,3
12,608,3
5,608,4
43,609,2
12,609,5
20,609,3
16,609,2
48,609,3
36,610,2
13,610,1
10,610,1
46,610,2
42,610,1
45,611,2
5,611,4
41,611,4
25,611,3
5,611,5
30,612,2
48,612,1
39,612,2
26,612,5
18,612,4
25,613,1
16,613,1
22,613,1
7,613,3
26,613,4
48,606,1
6,606,2
28,606,3
31,606,1
24,606,1
4,614,3
48,614,2
27,614,1
25,614,2
49,614,5
21,615,3
11,615,4
38,615,3
14,615,2
22,615,3
22,616,1
47,616,5
9,616,1
38,616,2
32,616,5
15,617,3
5,617,5
13,617,3
4,617,2
42,617,1
49,618,5
27,618,2
45,618,3
18,618,2
4,618,4
42,619,3
15,619,4
40,619,4
37,619,5
23,619,4
31,620,4
42,620,1
43,620,4
40,620,4
15,620,3
39,621,4
3,621,3
29,621,1
39,621,5
49,621,5
26,622,2
18,622,1
22,622,3
44,622,3
12,622,3
18,623,1
31,623,2
1,623,1
16,623,1
30,623,2
3,624,3
27,624,2
41,624,3
14,624,4
41,624,3
47,627,3
39,627,4
29,627,1
28,627,1
10,627,5
38,628,5
46,628,4
38,628,3
28,628,5
28,628,5
34,629,2
45,629,2
46,629,4
33,629,5
35,629,2
30,630,1
18,630,3
6,630,5
20,630,4
29,630,5
16,631,2
41,631,3
43,631,2
13,631,1
31,631,1
10,632,2
44,632,4
13,632,5
43,632,3
11,632,1
24,633,5
6,633,1
27,633,1
4,633,3
10,633,3
41,634,4
43,634,1
23,634,1
23,634,5
9,634,2
14,635,4
5,635,4
41,635,1
36,635,2
26,635,2
31,636,1
46,636,3
46,636,1
22,636,1
40,636,1
27,637,4
44,637,1
15,637,4
15,637,3
12,637,5
28,638,5
25,638,4
50,638,1
26,638,2
20,638,1
30,639,3
26,639,5
26,639,3
35,639,5
14,639,2
16,640,4
7,640,3
28,640,5
32,640,4
41,640,4
17,641,2
4,641,1
35,641,1
33,641,5
13,641,3
17,642,2
7,642,5
14,642,1
33,642,1
49,642,1
28,645,3
23,645,4
2,645,3
26,645,2
6,645,5
19,646,1
38,646,4
28,646,3
1,646,3
40,646,3
2,643,4
11,643,3
15,643,4
10,643,5
5,643,1
23,644,1
14,644,2
1,644,3
32,644,4
46,644,4
1,647,3
7,647,1
21,647,3
32,647,4
28,647,3
49,648,4
10,648,4
35,648,2
30,648,3
2,648,3
32,649,4
45,649,1
24,649,3
49,649,5
35,649,2
29,650,4
12,650,2
23,650,3
13,650,4
14,650,4
13,651,3
5,651,1
42,651,4
44,651,4
28,651,3
17,652,1
1,652,4
23,652,3
47,652,2
6,652,3
24,653,5
40,653,1
33,653,1
36,653,1
18,653,2
2,654,3
36,654,4
11,654,3
8,654,2
40,654,5
28,655,5
30,655,3
17,655,2
15,655,1
28,655,1
7,656,4
11,656,5
14,656,2
45,656,2
24,656,3
45,657,2
41,657,3
15,657,1
41,657,1
12,657,2
27,658,5
17,658,2
48,658,2
28,658,1
10,658,1
11,659,1
13,659,5
28,659,2
43,659,3
23,659,5
26,660,3
14,660,5
34,660,1
31,660,4
12,660,4
32,661,4
17,661,5
1,661,3
3,661,5
40,661,4
9,662,4
45,662,3
8,662,1
28,662,5
12,662,2
36,663,4
8,663,1
2,663,5
35,663,3
37,663,4
41,664,5
30,664,2
10,664,5
40,664,3
19,664,3
5,665,3
46,665,2
13,665,3
42,665,5
34,665,3
44,666,5
7,666,2
47,666,4
25,666,3
33,666,4
42,667,1
22,667,4
36,667,3
5,667,3
34,667,3
40,668,3
15,668,2
24,668,4
21,668,4
16,668,1
40,669,3
6,669,1
6,669,4
15,669,1
38,669,1
50,670,3
31,670,3
19,670,4
23,670,1
4,670,1
6,671,3
46,671,1
11,671,1
39,671,4
3,671,2
17,672,4
28,672,5
49,672,1
19,672,5
20,672,4
23,673,4
32,673,2
2,673,1
37,673,3
10,673,3
30,674,2
25,674,3
32,674,3
25,674,5
26,674,2
28,675,1
17,675,2
17,675,5
17,675,2
26,675,5
41,676,1
40,676,1
21,676,4
49,676,5
45,676,2
17,677,2
17,677,1
18,677,1
45,677,3
31,677,3
40,678,1
8,678,1
20,678,2
19,678,2
24,678,4
2,679,1
45,679,4
12,679,2
3,679,5
42,679,1
22,680,4
21,680,5
17,680,1
31,680,1
50,680,4
46,681,1
27,681,5
11,681,2
27,681,3
3,681,3
49,682,2
5,682,3
27,682,1
44,682,2
11,682,1
7,683,3
7,683,3
25,683,3
27,683,3
17,683,2
31,684,3
27,684,3
44,684,4
39,684,2
40,684,2
17,685,1
45,685,3
34,685,1
27,685,3
32,685,1
30,686,5
1,686,5
22,686,3
50,686,5
31,686,1
22,687,1
24,687,2
9,687,4
48,687,5
15,687,2
21,688,5
9,688,3
40,688,2
42,688,3
50,688,2
16,689,2
23,689,5
46,689,1
23,689,2
23,689,4
32,690,4
33,690,5
14,690,4
27,690,2
27,690,1
43,691,2
24,691,2
4,691,5
22,691,4
5,691,1
19,692,5
32,692,3
26,692,2
25,692,1
9,692,3
39,693,3
2,693,4
29,693,4
35,693,3
39,693,1
40,694,3
11,694,2
7,694,2
49,694,5
23,694,2
31,695,2
17,695,3
31,695,2
35,695,1
40,695,2
16,696,2
14,696,3
37,696,1
12,696,5
8,696,2
20,697,1
36,697,1
44,697,4
10,697,3
38,697,2
25,698,2
28,698,3
24,698,1
20,698,4
29,698,2
38,699,1
19,699,2
31,699,4
14,699,3
26,699,4
22,706,2
27,706,4
12,706,4
9,706,4
21,706,1
43,707,1
18,707,2
27,707,3
36,707,3
46,707,5
30,700,1
41,700,1
1,700,2
25,700,5
23,700,1
41,708,2
20,708,3
6,708,1
43,708,4
7,708,5
23,701,1
8,701,3
43,701,3
9,701,4
23,701,4
28,702,1
24,702,3
43,702,1
18,702,1
24,702,5
15,703,1
39,703,3
15,703,3
18,703,1
37,703,4
12,704,3
31,704,4
25,704,5
38,704,4
13,704,5
11,705,5
15,705,1
15,705,2
39,705,5
28,705,4
18,709,4
10,709,1
18,709,1
2,709,3
50,709,4
2,710,5
5,710,5
33,710,5
47,710,3
20,710,5
2,711,3
13,711,3
22,711,1
29,711,1
33,711,4
43,712,2
6,712,2
27,712,5
29,712,1
33,712,3
7,713,1
47,713,5
7,713,2
42,713,1
8,713,2
19,714,2
35,714,5
44,714,1
45,714,4
28,714,1
46,715,4
16,715,3
15,715,5
29,715,1
22,715,2
12,716,4
45,716,1
7,716,5
33,716,3
25,716,1
24,717,1
42,717,1
33,717,3
26,717,2
35,717,1
42,718,2
27,718,2
37,718,5
12,718,3
20,718,4
46,719,2
42,719,2
5,719,4
33,719,3
14,719,3
42,720,1
2,720,3
28,720,4
12,720,1
45,720,5
21,721,4
4,721,3
1,721,2
17,721,3
38,721,3
4,722,4
39,722,3
38,722,2
44,722,3
26,722,3
14,723,5
41,723,4
3,723,5
2,723,3
18,723,2
43,724,1
47,724,2
45,724,2
32,724,4
27,724,4
32,725,5
35,725,1
9,725,1
44,725,2
1,725,2
18,726,4
45,726,1
23,726,4
44,726,3
20,726,4
39,727,1
20,727,5
45,727,1
25,727,1
8,727,2
3,728,3
48,728,4
6,728,5
20,728,2
38,728,4
7,729,4
16,729,5
22,729,2
37,729,5
28,729,4
6,730,4
30,730,5
31,730,5
45,730,4
7,730,3
33,731,1
18,731,5
25,731,4
35,731,1
31,731,1
6,732,1
27,732,4
46,732,3
4,732,3
15,732,3
11,733,5
40,733,1
46,733,4
19,733,1
24,733,2
18,734,2
17,734,5
39,734,4
43,734,1
21,734,2
41,735,5
20,735,2
1,735,3
12,735,3
15,735,1
2,736,2
43,736,4
20,736,2
22,736,3
25,736,4
14,737,2
44,737,1
20,737,3
6,737,3
50,737,2
42,738,2
44,738,5
15,738,4
12,738,2
6,738,3
17,739,2
24,739,3
19,739,4
48,739,1
17,739,5
14,740,1
28,740,5
12,740,4
30,740,1
45,740,1
28,741,4
10,741,1
5,741,3
18,741,5
26,741,5
36,742,3
25,742,4
16,742,1
24,742,1
6,742,4
5,743,5
45,743,3
13,743,1
33,743,2
6,743,2
16,744,1
34,744,2
10,744,4
27,744,5
32,744,2
9,745,4
35,745,3
13,745,1
18,745,2
31,745,3
32,746,5
21,746,2
39,746,4
5,746,4
32,746,4
17,747,2
19,747,1
12,747,3
6,747,3
49,747,5
6,748,2
3,748,1
40,748,5
50,748,4
15,748,3
22,749,4
4,749,4
11,749,5
39,749,2
19,749,2
6,750,4
9,750,2
6,750,4
28,750,3
38,750,5
18,751,5
10,751,2
24,751,4
45,751,2
42,751,1
10,752,3
45,752,3
24,752,2
2,752,3
44,752,5
12,753,1
3,753,1
10,753,2
9,753,3
35,753,4
49,754,5
5,754,5
4,754,3
25,754,3
44,754,5
32,755,5
48,755,4
30,755,3
46,755,3
5,755,3
28,756,1
10,756,1
10,756,4
3,756,5
25,756,3
7,757,5
5,757,2
26,757,4
25,757,4
3,757,5
37,758,5
13,758,4
49,758,5
14,758,2
41,758,1
32,759,1
39,759,5
5,759,3
2,759,5
40,759,4
5,760,3
39,760,1
43,760,4
43,760,1
38,760,1
20,761,5
44,761,1
41,761,4
15,761,4
33,761,4
34,762,2
20,762,4
24,762,1
36,762,2
7,762,5
8,763,1
47,763,1
7,763,5
24,763,3
36,763,5
16,764,3
16,764,3
7,764,1
7,764,4
30,764,1
33,765,3
11,765,2
7,765,1
34,765,4
5,765,4
50,766,2
46,766,2
43,766,2
20,766,2
26,766,1
17,767,5
15,767,5
23,767,1
44,767,3
46,767,2
37,768,4
50,768,4
9,768,2
47,768,5
32,768,3
44,769,1
43,769,4
39,769,2
33,769,2
28,769,3
33,770,4
16,770,4
36,770,5
24,770,1
27,770,4
22,771,3
33,771,1
19,771,4
16,771,2
29,771,5
11,772,2
35,772,1
24,772,3
28,772,1
49,772,4
35,773,4
17,773,5
2,773,4
24,773,2
19,773,1
16,774,1
20,774,1
16,774,4
29,774,5
16,774,4
29,776,4
44,776,2
42,776,1
32,776,3
15,776,2
2,775,5
49,775,3
9,775,4
16,775,1
19,775,5
21,777,3
31,777,4
33,777,1
12,777,4
17,777,5
6,778,1
24,778,1
26,778,5
28,778,1
37,778,3
15,779,5
13,779,2
20,779,2
24,779,3
46,779,2
18,797,2
19,797,2
11,797,1
39,797,4
24,797,4
36,787,4
47,787,3
27,787,2
22,787,3
6,787,4
22,791,2
38,791,5
28,791,5
4,791,1
12,791,4
45,781,4
6,781,5
24,781,2
6,781,3
25,781,5
5,780,5
36,780,5
2,780,1
11,780,4
9,780,2
40,782,3
17,782,5
20,782,4
22,782,3
14,782,1
37,783,5
23,783,2
30,783,5
10,783,3
49,783,1
48,784,5
41,784,2
1,784,3
24,784,4
44,784,2
42,785,2
12,785,3
31,785,5
23,785,5
25,785,4
25,786,2
41,786,1
50,786,1
13,786,5
21,786,2
17,788,3
35,788,2
42,788,2
6,788,4
13,788,3
3,789,1
33,789,1
18,789,1
32,789,5
26,789,4
47,790,2
46,790,4
46,790,5
21,790,2
36,790,1
9,792,4
10,792,5
22,792,2
33,792,1
15,792,5
20,793,5
20,793,5
16,793,3
28,793,2
30,793,1
39,794,5
8,794,2
36,794,5
28,794,2
11,794,2
2,795,4
42,795,3
25,795,3
18,795,5
49,795,2
13,796,4
18,796,4
48,796,4
21,796,4
21,796,2
6,798,4
2,798,1
20,798,4
49,798,4
23,798,5
3,799,4
15,799,4
28,799,2
8,799,4
42,799,5
46,800,3
18,800,3
41,800,5
9,800,5
47,800,5
43,801,2
26,801,5
12,801,4
32,801,2
41,801,5
31,802,2
21,802,4
7,802,3
27,802,5
6,802,1
20,803,3
23,803,2
33,803,3
23,803,3
9,803,1
46,804,1
42,804,5
22,804,1
24,804,4
27,804,5
22,805,1
6,805,2
46,805,5
12,805,5
5,805,2
43,806,1
29,806,1
31,806,3
24,806,2
3,806,4
40,807,1
28,807,3
22,807,4
45,807,5
15,807,2
2,808,1
47,808,1
44,808,5
32,808,4
38,808,5
44,809,5
32,809,4
49,809,5
32,809,5
9,809,3
19,810,4
31,810,1
9,810,4
17,810,3
32,810,5
2,811,3
27,811,5
47,811,2
46,811,2
2,811,5
6,812,5
25,812,2
48,812,4
19,812,1
33,812,3
21,813,5
34,813,3
1,813,5
21,813,4
26,813,3
12,814,1
47,814,5
37,814,2
12,814,4
12,814,1
12,815,4
1,815,2
5,815,5
25,815,4
22,815,2
48,816,3
15,816,1
18,816,2
12,816,3
17,816,2
23,817,1
40,817,5
12,817,3
28,817,3
44,817,1
7,818,4
33,818,5
27,818,1
33,818,1
21,818,3
42,819,5
20,819,5
46,819,4
39,819,4
25,819,2
35,820,2
43,820,2
7,820,3
19,820,4
23,820,5
13,821,1
6,821,4
28,821,1
39,821,3
22,821,4
44,822,2
50,822,2
8,822,1
32,822,2
50,822,1
27,823,1
39,823,2
38,823,1
47,823,2
27,823,4
34,824,4
2,824,1
1,824,1
2,824,2
41,824,2
18,825,4
26,825,1
7,825,2
50,825,1
41,825,3
48,826,4
23,826,3
10,826,1
29,826,3
1,826,3
41,827,1
35,827,5
33,827,2
48,827,4
43,827,5
38,828,5
32,828,1
14,828,5
25,828,4
7,828,5
28,829,5
17,829,5
18,829,1
12,829,4
20,829,1
42,830,2
14,830,3
12,830,2
38,830,4
13,830,2
36,831,2
40,831,1
18,831,2
1,831,4
22,831,2
28,832,4
21,832,3
11,832,4
30,832,1
27,832,3
19,833,1
5,833,4
24,833,4
50,833,1
6,833,2
21,834,3
28,834,4
38,834,1
23,834,4
22,834,3
10,836,1
16,836,5
14,836,2
25,836,4
13,836,4
17,835,3
4,835,1
15,835,3
16,835,2
14,835,2
39,837,1
33,837,1
45,837,1
30,837,5
49,837,4
49,838,2
38,838,3
11,838,4
44,838,1
44,838,4
47,839,1
39,839,1
9,839,2
39,839,1
9,839,4
28,840,1
47,840,1
35,840,1
24,840,2
18,840,1
17,841,5
50,841,5
49,841,2
37,841,4
40,841,5
22,842,3
3,842,3
11,842,2
2,842,4
6,842,2
14,843,2
40,843,4
5,843,5
18,843,5
41,843,3
16,844,3
38,844,2
16,844,5
7,844,1
25,844,4
27,845,2
17,845,3
21,845,2
31,845,5
42,845,2
13,846,5
38,846,5
12,846,5
1,846,1
49,846,1
15,847,4
46,847,3
4,847,1
30,847,2
32,847,2
43,848,2
50,848,1
44,848,5
11,848,5
8,848,2
48,852,1
19,852,5
33,852,3
43,852,2
36,852,1
11,849,5
2,849,1
24,849,5
9,849,3
22,849,4
41,853,2
7,853,1
34,853,5
17,853,5
32,853,1
3,854,4
20,854,1
13,854,5
20,854,3
5,854,1
25,855,1
48,855,5
41,855,4
21,855,1
29,855,2
42,850,5
3,850,3
15,850,3
45,850,1
29,850,1
36,851,1
40,851,4
38,851,2
35,851,2
16,851,5
41,856,5
8,856,3
15,856,2
49,856,3
28,856,3
22,857,3
25,857,3
3,857,5
47,857,3
9,857,3
7,858,2
48,858,4
30,858,4
22,858,3
45,858,2
2,859,1
27,859,1
13,859,3
1,859,4
35,859,3
5,860,3
20,860,3
41,860,1
20,860,3
41,860,4
8,861,2
10,861,3
11,861,1
12,861,4
20,861,2
30,862,5
46,862,3
27,862,1
40,862,4
22,862,3
5,863,4
50,863,1
6,863,1
23,863,5
10,863,4
43,864,5
39,864,1
22,864,3
14,864,4
35,864,3
32,865,5
36,865,3
14,865,5
44,865,4
37,865,1
9,866,1
6,866,4
24,866,1
19,866,5
40,866,4
16,867,2
15,867,1
10,867,3
27,867,1
2,867,1
3,868,5
8,868,3
48,868,3
17,868,3
15,868,2
45,869,3
28,869,4
13,869,5
2,869,4
37,869,4
25,870,4
35,870,2
8,870,2
12,870,3
10,870,3
50,872,3
12,872,1
35,872,3
6,872,5
19,872,2
41,873,3
39,873,5
22,873,3
42,873,5
44,873,5
17,874,5
26,874,2
31,874,5
27,874,3
42,874,5
44,871,1
46,871,1
9,871,1
17,871,1
24,871,2
32,875,2
45,875,5
42,875,4
7,875,2
28,875,4
12,876,1
43,876,1
45,876,3
43,876,3
1,876,1
48,877,4
7,877,2
14,877,4
27,877,4
46,877,1
17,878,1
13,878,4
35,878,2
8,878,2
46,878,1
39,879,2
6,879,3
48,879,1
30,879,4
24,879,4
7,880,5
14,880,5
13,880,4
48,880,4
46,880,3
21,881,1
5,881,4
45,881,1
2,881,4
7,881,4
26,899,1
39,899,2
16,899,2
47,899,1
34,899,2
23,882,2
24,882,4
30,882,4
29,882,2
1,882,5
12,883,3
14,883,4
10,883,2
3,883,3
47,883,2
37,884,2
40,884,3
20,884,1
41,884,2
45,884,2
19,885,4
7,885,2
45,885,3
7,885,1
8,885,5
36,886,4
23,886,1
4,886,4
38,886,4
49,886,4
15,887,2
20,887,4
26,887,1
32,887,5
37,887,3
32,888,1
35,888,4
35,888,1
37,888,5
2,888,5
45,889,1
43,889,2
22,889,3
3,889,3
6,889,2
21,890,3
32,890,2
6,890,4
41,890,3
30,890,1
8,891,5
13,891,2
41,891,4
22,891,5
23,891,5
26,892,2
5,892,3
17,892,1
6,892,4
34,892,3
47,893,1
38,893,1
45,893,2
45,893,1
28,893,5
27,894,1
41,894,2
24,894,3
37,894,5
36,894,4
20,895,4
14,895,5
8,895,1
32,895,1
12,895,5
47,896,3
16,896,1
30,896,5
28,896,2
20,896,1
30,897,1
23,897,1
38,897,4
26,897,5
35,897,2
31,898,1
41,898,4
50,898,5
16,898,2
3,898,2
20,900,4
6,900,2
25,900,4
45,900,3
32,900,5
14,901,5
12,901,1
13,901,5
8,901,1
38,901,3
36,902,2
17,902,4
9,902,1
6,902,2
37,902,1
3,903,2
33,903,1
29,903,4
11,903,2
6,903,3
47,904,5
32,904,5
34,904,2
45,904,1
10,904,5
24,905,4
45,905,1
14,905,3
30,905,5
25,905,4
32,907,2
37,907,1
19,907,1
26,907,1
36,907,5
25,908,5
44,908,3
4,908,4
50,908,2
22,908,2
12,909,1
25,909,2
8,909,3
24,909,4
22,909,5
32,906,4
29,906,4
29,906,1
39,906,3
19,906,4
24,910,1
47,910,2
23,910,2
1,910,1
3,910,5
50,911,4
12,911,5
1,911,1
10,911,4
49,911,4
21,912,2
11,912,5
39,912,3
18,912,1
50,912,3
23,938,2
24,938,1
44,938,2
6,938,4
40,938,4
16,913,4
22,913,4
14,913,4
22,913,4
16,913,3
5,914,4
10,914,5
39,914,3
37,914,5
8,914,1
6,915,2
43,915,4
6,915,1
29,915,3
7,915,1
42,916,2
11,916,3
7,916,3
36,916,1
8,916,5
2,917,3
4,917,5
23,917,1
25,917,2
31,917,1
24,918,5
17,918,5
27,918,4
9,918,4
7,918,3
1,919,1
13,919,5
46,919,3
12,919,5
24,919,1
22,920,4
35,920,5
46,920,5
37,920,3
17,920,2
32,921,1
34,921,4
1,921,5
47,921,2
48,921,4
29,922,5
9,922,4
25,922,2
15,922,5
36,922,1
32,923,3
4,923,4
20,923,4
13,923,3
31,923,5
35,924,1
5,924,5
24,924,4
7,924,2
29,924,5
24,925,3
19,925,4
40,925,4
33,925,2
25,925,5
27,926,4
22,926,4
4,926,3
14,926,3
19,926,4
36,927,3
11,927,3
15,927,4
3,927,2
32,927,5
44,928,1
44,928,2
21,928,2
7,928,3
9,928,2
32,929,1
16,929,3
43,929,3
30,929,5
38,929,2
1,930,5
35,930,3
10,930,2
25,930,2
28,930,2
32,932,4
49,932,2
46,932,1
21,932,2
44,932,4
38,933,2
40,933,4
44,933,1
12,933,4
19,933,4
42,934,4
37,934,4
38,934,1
20,934,1
16,934,4
37,935,5
27,935,1
36,935,2
49,935,5
48,935,2
6,936,3
27,936,1
22,936,1
38,936,2
45,936,4
6,931,1
44,931,1
25,931,3
32,931,4
35,931,1
25,939,3
31,939,1
11,939,1
16,939,3
6,939,3
15,937,1
20,937,2
8,937,3
34,937,3
9,937,3
33,940,5
48,940,3
45,940,3
43,940,4
12,940,5
50,941,5
45,941,2
22,941,4
24,941,1
27,941,2
24,942,4
30,942,1
24,942,4
28,942,4
24,942,2
2,943,2
21,943,4
23,943,2
49,943,1
22,943,3
21,944,5
6,944,5
45,944,4
25,944,4
46,944,2
10,945,2
8,945,3
19,945,2
24,945,2
22,945,5
47,946,3
43,946,5
35,946,5
28,946,5
31,946,5
28,947,5
14,947,3
39,947,2
50,947,4
6,947,3
47,948,2
35,948,2
13,948,3
47,948,4
11,948,4
10,949,3
2,949,3
42,949,5
34,949,3
15,949,5
10,950,4
19,950,2
24,950,1
49,950,1
35,950,5
15,951,3
7,951,5
16,951,3
35,951,2
39,951,2
40,952,1
39,952,2
12,952,2
21,952,5
44,952,3
32,953,3
40,953,3
20,953,2
14,953,1
19,953,4
7,954,1
41,954,2
11,954,3
2,954,3
40,954,5
15,955,1
21,955,2
18,955,2
31,955,3
48,955,4
1,956,5
12,956,3
8,956,2
30,956,2
42,956,1
19,957,1
14,957,2
24,957,4
14,957,2
32,957,3
8,958,4
4,958,1
42,958,2
31,958,3
24,958,3
10,959,3
22,959,3
36,959,1
21,959,2
29,959,3
10,960,1
48,960,3
36,960,2
13,960,2
39,960,3
21,961,4
8,961,2
2,961,1
50,961,1
10,961,5
21,962,3
33,962,4
27,962,2
29,962,3
38,962,4
7,963,1
42,963,5
23,963,5
44,963,3
22,963,4
46,964,4
50,964,5
11,964,3
2,964,5
8,964,5
28,965,5
33,965,3
14,965,5
17,965,1
44,965,5
28,966,3
10,966,1
2,966,4
16,966,5
17,966,5
